5.591327956467346667e+04	3.569521722532058294e-02	2.748096672476413715e+01	8.386962890625000000e+03	1.061796234191785970e+01	1.879394531250000000e+01	3.214239206262532633e+01	1.109472656250000000e+01	3.082682157762575059e+01	3.432566518552919721e+00	2.135937500000000266e-01	6.049818359375000454e-02
4.789635538822632952e+04	3.569521722532058294e-02	2.748096672476413715e+01	8.386962890625000000e+03	1.061796234191785970e+01	1.879394531250000000e+01	3.214239206262532633e+01	1.109472656250000000e+01	3.082682157762575059e+01	3.432566518552919721e+00	2.135937500000000266e-01	6.049818359375000454e-02
5.591327956467346667e+04	5.156316542170587269e-02	2.748096672476413715e+01	8.386962890625000000e+03	1.061796234191785970e+01	1.879394531250000000e+01	3.214239206262532633e+01	1.109472656250000000e+01	3.082682157762575059e+01	3.432566518552919721e+00	2.135937500000000266e-01	6.049818359375000454e-02
5.591327956467346667e+04	3.569521722532058294e-02	2.440997502740122727e+01	8.386962890625000000e+03	1.061796234191785970e+01	1.879394531250000000e+01	3.214239206262532633e+01	1.109472656250000000e+01	3.082682157762575059e+01	3.432566518552919721e+00	2.135937500000000266e-01	6.049818359375000454e-02
5.591327956467346667e+04	3.569521722532058294e-02	2.748096672476413715e+01	8.175380859375000000e+03	1.061796234191785970e+01	1.879394531250000000e+01	3.214239206262532633e+01	1.109472656250000000e+01	3.082682157762575059e+01	3.432566518552919721e+00	2.135937500000000266e-01	6.049818359375000454e-02
5.591327956467346667e+04	3.569521722532058294e-02	2.748096672476413715e+01	8.386962890625000000e+03	1.489723865317156992e+01	1.879394531250000000e+01	3.214239206262532633e+01	1.109472656250000000e+01	3.082682157762575059e+01	3.432566518552919721e+00	2.135937500000000266e-01	6.049818359375000454e-02
5.591327956467346667e+04	3.569521722532058294e-02	2.748096672476413715e+01	8.386962890625000000e+03	1.061796234191785970e+01	1.148144531250000000e+01	3.214239206262532633e+01	1.109472656250000000e+01	3.082682157762575059e+01	3.432566518552919721e+00	2.135937500000000266e-01	6.049818359375000454e-02
5.591327956467346667e+04	3.569521722532058294e-02	2.748096672476413715e+01	8.386962890625000000e+03	1.061796234191785970e+01	1.879394531250000000e+01	3.995595770129624213e+01	1.109472656250000000e+01	3.082682157762575059e+01	3.432566518552919721e+00	2.135937500000000266e-01	6.049818359375000454e-02
5.591327956467346667e+04	3.569521722532058294e-02	2.748096672476413715e+01	8.386962890625000000e+03	1.061796234191785970e+01	1.879394531250000000e+01	3.214239206262532633e+01	9.530273437500000000e+00	3.082682157762575059e+01	3.432566518552919721e+00	2.135937500000000266e-01	6.049818359375000454e-02
5.591327956467346667e+04	3.569521722532058294e-02	2.748096672476413715e+01	8.386962890625000000e+03	1.061796234191785970e+01	1.879394531250000000e+01	3.214239206262532633e+01	1.109472656250000000e+01	3.116262567623218871e+01	3.432566518552919721e+00	2.135937500000000266e-01	6.049818359375000454e-02
5.591327956467346667e+04	3.569521722532058294e-02	2.748096672476413715e+01	8.386962890625000000e+03	1.061796234191785970e+01	1.879394531250000000e+01	3.214239206262532633e+01	1.109472656250000000e+01	3.082682157762575059e+01	6.397226575610560850e+00	2.135937500000000266e-01	6.049818359375000454e-02
5.591327956467346667e+04	3.569521722532058294e-02	2.748096672476413715e+01	8.386962890625000000e+03	1.061796234191785970e+01	1.879394531250000000e+01	3.214239206262532633e+01	1.109472656250000000e+01	3.082682157762575059e+01	3.432566518552919721e+00	3.520312500000000178e-01	6.049818359375000454e-02
5.591327956467346667e+04	3.569521722532058294e-02	2.748096672476413715e+01	8.386962890625000000e+03	1.061796234191785970e+01	1.879394531250000000e+01	3.214239206262532633e+01	1.109472656250000000e+01	3.082682157762575059e+01	3.432566518552919721e+00	2.135937500000000266e-01	6.418810546875000633e-02
5.591327956467346667e+04	5.156316542170587269e-02	2.440997502740122727e+01	8.175380859375000000e+03	1.489723865317156992e+01	1.148144531250000000e+01	3.995595770129624213e+01	9.530273437500000000e+00	3.116262567623218871e+01	6.397226575610560850e+00	3.520312500000000178e-01	6.418810546875000633e-02
4.789635538822632952e+04	3.569521722532058294e-02	2.440997502740122727e+01	8.175380859375000000e+03	1.489723865317156992e+01	1.148144531250000000e+01	3.995595770129624213e+01	9.530273437500000000e+00	3.116262567623218871e+01	6.397226575610560850e+00	3.520312500000000178e-01	6.418810546875000633e-02
4.789635538822632952e+04	5.156316542170587269e-02	2.748096672476413715e+01	8.175380859375000000e+03	1.489723865317156992e+01	1.148144531250000000e+01	3.995595770129624213e+01	9.530273437500000000e+00	3.116262567623218871e+01	6.397226575610560850e+00	3.520312500000000178e-01	6.418810546875000633e-02
4.789635538822632952e+04	5.156316542170587269e-02	2.440997502740122727e+01	8.386962890625000000e+03	1.489723865317156992e+01	1.148144531250000000e+01	3.995595770129624213e+01	9.530273437500000000e+00	3.116262567623218871e+01	6.397226575610560850e+00	3.520312500000000178e-01	6.418810546875000633e-02
4.789635538822632952e+04	5.156316542170587269e-02	2.440997502740122727e+01	8.175380859375000000e+03	1.061796234191785970e+01	1.148144531250000000e+01	3.995595770129624213e+01	9.530273437500000000e+00	3.116262567623218871e+01	6.397226575610560850e+00	3.520312500000000178e-01	6.418810546875000633e-02
4.789635538822632952e+04	5.156316542170587269e-02	2.440997502740122727e+01	8.175380859375000000e+03	1.489723865317156992e+01	1.879394531250000000e+01	3.995595770129624213e+01	9.530273437500000000e+00	3.116262567623218871e+01	6.397226575610560850e+00	3.520312500000000178e-01	6.418810546875000633e-02
4.789635538822632952e+04	5.156316542170587269e-02	2.440997502740122727e+01	8.175380859375000000e+03	1.489723865317156992e+01	1.148144531250000000e+01	3.214239206262532633e+01	9.530273437500000000e+00	3.116262567623218871e+01	6.397226575610560850e+00	3.520312500000000178e-01	6.418810546875000633e-02
4.789635538822632952e+04	5.156316542170587269e-02	2.440997502740122727e+01	8.175380859375000000e+03	1.489723865317156992e+01	1.148144531250000000e+01	3.995595770129624213e+01	1.109472656250000000e+01	3.116262567623218871e+01	6.397226575610560850e+00	3.520312500000000178e-01	6.418810546875000633e-02
4.789635538822632952e+04	5.156316542170587269e-02	2.440997502740122727e+01	8.175380859375000000e+03	1.489723865317156992e+01	1.148144531250000000e+01	3.995595770129624213e+01	9.530273437500000000e+00	3.082682157762575059e+01	6.397226575610560850e+00	3.520312500000000178e-01	6.418810546875000633e-02
4.789635538822632952e+04	5.156316542170587269e-02	2.440997502740122727e+01	8.175380859375000000e+03	1.489723865317156992e+01	1.148144531250000000e+01	3.995595770129624213e+01	9.530273437500000000e+00	3.116262567623218871e+01	3.432566518552919721e+00	3.520312500000000178e-01	6.418810546875000633e-02
4.789635538822632952e+04	5.156316542170587269e-02	2.440997502740122727e+01	8.175380859375000000e+03	1.489723865317156992e+01	1.148144531250000000e+01	3.995595770129624213e+01	9.530273437500000000e+00	3.116262567623218871e+01	6.397226575610560850e+00	2.135937500000000266e-01	6.418810546875000633e-02
4.789635538822632952e+04	5.156316542170587269e-02	2.440997502740122727e+01	8.175380859375000000e+03	1.489723865317156992e+01	1.148144531250000000e+01	3.995595770129624213e+01	9.530273437500000000e+00	3.116262567623218871e+01	6.397226575610560850e+00	3.520312500000000178e-01	6.049818359375000454e-02
4.789635538822632952e+04	5.156316542170587269e-02	2.440997502740122727e+01	8.175380859375000000e+03	1.489723865317156992e+01	1.148144531250000000e+01	3.995595770129624213e+01	9.530273437500000000e+00	3.116262567623218871e+01	6.397226575610560850e+00	3.520312500000000178e-01	6.418810546875000633e-02
1.059432725375191949e+05	6.291429160797877562e-02	2.222594032787081630e+01	8.041962890625000000e+03	1.571105881328184140e+01	1.229394531250000000e+01	3.738849401096055658e+01	6.594726562500000000e+00	1.569877124296868409e+01	6.478169881214234316e+00	2.935937500000000422e-01	6.696818359375000806e-02
9.952347548237390583e+04	6.291429160797877562e-02	2.222594032787081630e+01	8.041962890625000000e+03	1.571105881328184140e+01	1.229394531250000000e+01	3.738849401096055658e+01	6.594726562500000000e+00	1.569877124296868409e+01	6.478169881214234316e+00	2.935937500000000422e-01	6.696818359375000806e-02
1.059432725375191949e+05	8.518842692342251666e-02	2.222594032787081630e+01	8.041962890625000000e+03	1.571105881328184140e+01	1.229394531250000000e+01	3.738849401096055658e+01	6.594726562500000000e+00	1.569877124296868409e+01	6.478169881214234316e+00	2.935937500000000422e-01	6.696818359375000806e-02
1.059432725375191949e+05	6.291429160797877562e-02	2.821996742980880768e+01	8.041962890625000000e+03	1.571105881328184140e+01	1.229394531250000000e+01	3.738849401096055658e+01	6.594726562500000000e+00	1.569877124296868409e+01	6.478169881214234316e+00	2.935937500000000422e-01	6.696818359375000806e-02
1.059432725375191949e+05	6.291429160797877562e-02	2.222594032787081630e+01	8.520380859375000000e+03	1.571105881328184140e+01	1.229394531250000000e+01	3.738849401096055658e+01	6.594726562500000000e+00	1.569877124296868409e+01	6.478169881214234316e+00	2.935937500000000422e-01	6.696818359375000806e-02
1.059432725375191949e+05	6.291429160797877562e-02	2.222594032787081630e+01	8.041962890625000000e+03	1.014887268020463829e+01	1.229394531250000000e+01	3.738849401096055658e+01	6.594726562500000000e+00	1.569877124296868409e+01	6.478169881214234316e+00	2.935937500000000422e-01	6.696818359375000806e-02
1.059432725375191949e+05	6.291429160797877562e-02	2.222594032787081630e+01	8.041962890625000000e+03	1.571105881328184140e+01	1.798144531250000000e+01	3.738849401096055658e+01	6.594726562500000000e+00	1.569877124296868409e+01	6.478169881214234316e+00	2.935937500000000422e-01	6.696818359375000806e-02
1.059432725375191949e+05	6.291429160797877562e-02	2.222594032787081630e+01	8.041962890625000000e+03	1.571105881328184140e+01	1.229394531250000000e+01	3.700864421625180967e+01	6.594726562500000000e+00	1.569877124296868409e+01	6.478169881214234316e+00	2.935937500000000422e-01	6.696818359375000806e-02
1.059432725375191949e+05	6.291429160797877562e-02	2.222594032787081630e+01	8.041962890625000000e+03	1.571105881328184140e+01	1.229394531250000000e+01	3.738849401096055658e+01	5.030273437500000000e+00	1.569877124296868409e+01	6.478169881214234316e+00	2.935937500000000422e-01	6.696818359375000806e-02
1.059432725375191949e+05	6.291429160797877562e-02	2.222594032787081630e+01	8.041962890625000000e+03	1.571105881328184140e+01	1.229394531250000000e+01	3.738849401096055658e+01	6.594726562500000000e+00	1.835118915461362832e+01	6.478169881214234316e+00	2.935937500000000422e-01	6.696818359375000806e-02
1.059432725375191949e+05	6.291429160797877562e-02	2.222594032787081630e+01	8.041962890625000000e+03	1.571105881328184140e+01	1.229394531250000000e+01	3.738849401096055658e+01	6.594726562500000000e+00	1.569877124296868409e+01	3.183651758030177525e+00	2.935937500000000422e-01	6.696818359375000806e-02
1.059432725375191949e+05	6.291429160797877562e-02	2.222594032787081630e+01	8.041962890625000000e+03	1.571105881328184140e+01	1.229394531250000000e+01	3.738849401096055658e+01	6.594726562500000000e+00	1.569877124296868409e+01	6.478169881214234316e+00	2.720312500000000022e-01	6.696818359375000806e-02
1.059432725375191949e+05	6.291429160797877562e-02	2.222594032787081630e+01	8.041962890625000000e+03	1.571105881328184140e+01	1.229394531250000000e+01	3.738849401096055658e+01	6.594726562500000000e+00	1.569877124296868409e+01	6.478169881214234316e+00	2.935937500000000422e-01	5.771810546875000975e-02
1.059432725375191949e+05	8.518842692342251666e-02	2.821996742980880768e+01	8.520380859375000000e+03	1.014887268020463829e+01	1.798144531250000000e+01	3.700864421625180967e+01	5.030273437500000000e+00	1.835118915461362832e+01	3.183651758030177525e+00	2.720312500000000022e-01	5.771810546875000975e-02
9.952347548237390583e+04	6.291429160797877562e-02	2.821996742980880768e+01	8.520380859375000000e+03	1.014887268020463829e+01	1.798144531250000000e+01	3.700864421625180967e+01	5.030273437500000000e+00	1.835118915461362832e+01	3.183651758030177525e+00	2.720312500000000022e-01	5.771810546875000975e-02
9.952347548237390583e+04	8.518842692342251666e-02	2.222594032787081630e+01	8.520380859375000000e+03	1.014887268020463829e+01	1.798144531250000000e+01	3.700864421625180967e+01	5.030273437500000000e+00	1.835118915461362832e+01	3.183651758030177525e+00	2.720312500000000022e-01	5.771810546875000975e-02
9.952347548237390583e+04	8.518842692342251666e-02	2.821996742980880768e+01	8.041962890625000000e+03	1.014887268020463829e+01	1.798144531250000000e+01	3.700864421625180967e+01	5.030273437500000000e+00	1.835118915461362832e+01	3.183651758030177525e+00	2.720312500000000022e-01	5.771810546875000975e-02
9.952347548237390583e+04	8.518842692342251666e-02	2.821996742980880768e+01	8.520380859375000000e+03	1.571105881328184140e+01	1.798144531250000000e+01	3.700864421625180967e+01	5.030273437500000000e+00	1.835118915461362832e+01	3.183651758030177525e+00	2.720312500000000022e-01	5.771810546875000975e-02
9.952347548237390583e+04	8.518842692342251666e-02	2.821996742980880768e+01	8.520380859375000000e+03	1.014887268020463829e+01	1.229394531250000000e+01	3.700864421625180967e+01	5.030273437500000000e+00	1.835118915461362832e+01	3.183651758030177525e+00	2.720312500000000022e-01	5.771810546875000975e-02
9.952347548237390583e+04	8.518842692342251666e-02	2.821996742980880768e+01	8.520380859375000000e+03	1.014887268020463829e+01	1.798144531250000000e+01	3.738849401096055658e+01	5.030273437500000000e+00	1.835118915461362832e+01	3.183651758030177525e+00	2.720312500000000022e-01	5.771810546875000975e-02
9.952347548237390583e+04	8.518842692342251666e-02	2.821996742980880768e+01	8.520380859375000000e+03	1.014887268020463829e+01	1.798144531250000000e+01	3.700864421625180967e+01	6.594726562500000000e+00	1.835118915461362832e+01	3.183651758030177525e+00	2.720312500000000022e-01	5.771810546875000975e-02
9.952347548237390583e+04	8.518842692342251666e-02	2.821996742980880768e+01	8.520380859375000000e+03	1.014887268020463829e+01	1.798144531250000000e+01	3.700864421625180967e+01	5.030273437500000000e+00	1.569877124296868409e+01	3.183651758030177525e+00	2.720312500000000022e-01	5.771810546875000975e-02
9.952347548237390583e+04	8.518842692342251666e-02	2.821996742980880768e+01	8.520380859375000000e+03	1.014887268020463829e+01	1.798144531250000000e+01	3.700864421625180967e+01	5.030273437500000000e+00	1.835118915461362832e+01	6.478169881214234316e+00	2.720312500000000022e-01	5.771810546875000975e-02
9.952347548237390583e+04	8.518842692342251666e-02	2.821996742980880768e+01	8.520380859375000000e+03	1.014887268020463829e+01	1.798144531250000000e+01	3.700864421625180967e+01	5.030273437500000000e+00	1.835118915461362832e+01	3.183651758030177525e+00	2.935937500000000422e-01	5.771810546875000975e-02
9.952347548237390583e+04	8.518842692342251666e-02	2.821996742980880768e+01	8.520380859375000000e+03	1.014887268020463829e+01	1.798144531250000000e+01	3.700864421625180967e+01	5.030273437500000000e+00	1.835118915461362832e+01	3.183651758030177525e+00	2.720312500000000022e-01	6.696818359375000806e-02
9.952347548237390583e+04	8.518842692342251666e-02	2.821996742980880768e+01	8.520380859375000000e+03	1.014887268020463829e+01	1.798144531250000000e+01	3.700864421625180967e+01	5.030273437500000000e+00	1.835118915461362832e+01	3.183651758030177525e+00	2.720312500000000022e-01	5.771810546875000975e-02
1.492274039466003305e+05	4.979962948182013044e-02	2.889005257824686623e+01	8.559462890625000000e+03	1.280485012357057784e+01	9.043945312500000000e+00	3.543965474547788119e+01	4.344726562500000000e+00	2.620215520558432587e+01	7.412064988709592406e+00	3.335937500000000222e-01	6.373318359375000630e-02
7.644434394428439555e+04	4.979962948182013044e-02	2.889005257824686623e+01	8.559462890625000000e+03	1.280485012357057784e+01	9.043945312500000000e+00	3.543965474547788119e+01	4.344726562500000000e+00	2.620215520558432587e+01	7.412064988709592406e+00	3.335937500000000222e-01	6.373318359375000630e-02
1.492274039466003305e+05	3.846332936525804352e-02	2.889005257824686623e+01	8.559462890625000000e+03	1.280485012357057784e+01	9.043945312500000000e+00	3.543965474547788119e+01	4.344726562500000000e+00	2.620215520558432587e+01	7.412064988709592406e+00	3.335937500000000222e-01	6.373318359375000630e-02
1.492274039466003305e+05	4.979962948182013044e-02	2.950752194751797219e+01	8.559462890625000000e+03	1.280485012357057784e+01	9.043945312500000000e+00	3.543965474547788119e+01	4.344726562500000000e+00	2.620215520558432587e+01	7.412064988709592406e+00	3.335937500000000222e-01	6.373318359375000630e-02
1.492274039466003305e+05	4.979962948182013044e-02	2.889005257824686623e+01	8.002880859375000000e+03	1.280485012357057784e+01	9.043945312500000000e+00	3.543965474547788119e+01	4.344726562500000000e+00	2.620215520558432587e+01	7.412064988709592406e+00	3.335937500000000222e-01	6.373318359375000630e-02
1.492274039466003305e+05	4.979962948182013044e-02	2.889005257824686623e+01	8.559462890625000000e+03	1.223018839741522967e+01	9.043945312500000000e+00	3.543965474547788119e+01	4.344726562500000000e+00	2.620215520558432587e+01	7.412064988709592406e+00	3.335937500000000222e-01	6.373318359375000630e-02
1.492274039466003305e+05	4.979962948182013044e-02	2.889005257824686623e+01	8.559462890625000000e+03	1.280485012357057784e+01	8.231445312500000000e+00	3.543965474547788119e+01	4.344726562500000000e+00	2.620215520558432587e+01	7.412064988709592406e+00	3.335937500000000222e-01	6.373318359375000630e-02
1.492274039466003305e+05	4.979962948182013044e-02	2.889005257824686623e+01	8.559462890625000000e+03	1.280485012357057784e+01	9.043945312500000000e+00	3.491132301421928474e+01	4.344726562500000000e+00	2.620215520558432587e+01	7.412064988709592406e+00	3.335937500000000222e-01	6.373318359375000630e-02
1.492274039466003305e+05	4.979962948182013044e-02	2.889005257824686623e+01	8.559462890625000000e+03	1.280485012357057784e+01	9.043945312500000000e+00	3.543965474547788119e+01	1.178027343750000000e+01	2.620215520558432587e+01	7.412064988709592406e+00	3.335937500000000222e-01	6.373318359375000630e-02
1.492274039466003305e+05	4.979962948182013044e-02	2.889005257824686623e+01	8.559462890625000000e+03	1.280485012357057784e+01	9.043945312500000000e+00	3.543965474547788119e+01	4.344726562500000000e+00	3.465274710441265427e+01	7.412064988709592406e+00	3.335937500000000222e-01	6.373318359375000630e-02
1.492274039466003305e+05	4.979962948182013044e-02	2.889005257824686623e+01	8.559462890625000000e+03	1.280485012357057784e+01	9.043945312500000000e+00	3.543965474547788119e+01	4.344726562500000000e+00	2.620215520558432587e+01	5.194774246912451154e+00	3.335937500000000222e-01	6.373318359375000630e-02
1.492274039466003305e+05	4.979962948182013044e-02	2.889005257824686623e+01	8.559462890625000000e+03	1.280485012357057784e+01	9.043945312500000000e+00	3.543965474547788119e+01	4.344726562500000000e+00	2.620215520558432587e+01	7.412064988709592406e+00	3.120312500000000377e-01	6.373318359375000630e-02
1.492274039466003305e+05	4.979962948182013044e-02	2.889005257824686623e+01	8.559462890625000000e+03	1.280485012357057784e+01	9.043945312500000000e+00	3.543965474547788119e+01	4.344726562500000000e+00	2.620215520558432587e+01	7.412064988709592406e+00	3.335937500000000222e-01	6.742310546875000810e-02
1.492274039466003305e+05	3.846332936525804352e-02	2.950752194751797219e+01	8.002880859375000000e+03	1.223018839741522967e+01	8.231445312500000000e+00	3.491132301421928474e+01	1.178027343750000000e+01	3.465274710441265427e+01	5.194774246912451154e+00	3.120312500000000377e-01	6.742310546875000810e-02
7.644434394428439555e+04	4.979962948182013044e-02	2.950752194751797219e+01	8.002880859375000000e+03	1.223018839741522967e+01	8.231445312500000000e+00	3.491132301421928474e+01	1.178027343750000000e+01	3.465274710441265427e+01	5.194774246912451154e+00	3.120312500000000377e-01	6.742310546875000810e-02
7.644434394428439555e+04	3.846332936525804352e-02	2.889005257824686623e+01	8.002880859375000000e+03	1.223018839741522967e+01	8.231445312500000000e+00	3.491132301421928474e+01	1.178027343750000000e+01	3.465274710441265427e+01	5.194774246912451154e+00	3.120312500000000377e-01	6.742310546875000810e-02
7.644434394428439555e+04	3.846332936525804352e-02	2.950752194751797219e+01	8.559462890625000000e+03	1.223018839741522967e+01	8.231445312500000000e+00	3.491132301421928474e+01	1.178027343750000000e+01	3.465274710441265427e+01	5.194774246912451154e+00	3.120312500000000377e-01	6.742310546875000810e-02
7.644434394428439555e+04	3.846332936525804352e-02	2.950752194751797219e+01	8.002880859375000000e+03	1.280485012357057784e+01	8.231445312500000000e+00	3.491132301421928474e+01	1.178027343750000000e+01	3.465274710441265427e+01	5.194774246912451154e+00	3.120312500000000377e-01	6.742310546875000810e-02
7.644434394428439555e+04	3.846332936525804352e-02	2.950752194751797219e+01	8.002880859375000000e+03	1.223018839741522967e+01	9.043945312500000000e+00	3.491132301421928474e+01	1.178027343750000000e+01	3.465274710441265427e+01	5.194774246912451154e+00	3.120312500000000377e-01	6.742310546875000810e-02
7.644434394428439555e+04	3.846332936525804352e-02	2.950752194751797219e+01	8.002880859375000000e+03	1.223018839741522967e+01	8.231445312500000000e+00	3.543965474547788119e+01	1.178027343750000000e+01	3.465274710441265427e+01	5.194774246912451154e+00	3.120312500000000377e-01	6.742310546875000810e-02
7.644434394428439555e+04	3.846332936525804352e-02	2.950752194751797219e+01	8.002880859375000000e+03	1.223018839741522967e+01	8.231445312500000000e+00	3.491132301421928474e+01	4.344726562500000000e+00	3.465274710441265427e+01	5.194774246912451154e+00	3.120312500000000377e-01	6.742310546875000810e-02
7.644434394428439555e+04	3.846332936525804352e-02	2.950752194751797219e+01	8.002880859375000000e+03	1.223018839741522967e+01	8.231445312500000000e+00	3.491132301421928474e+01	1.178027343750000000e+01	2.620215520558432587e+01	5.194774246912451154e+00	3.120312500000000377e-01	6.742310546875000810e-02
7.644434394428439555e+04	3.846332936525804352e-02	2.950752194751797219e+01	8.002880859375000000e+03	1.223018839741522967e+01	8.231445312500000000e+00	3.491132301421928474e+01	1.178027343750000000e+01	3.465274710441265427e+01	7.412064988709592406e+00	3.120312500000000377e-01	6.742310546875000810e-02
7.644434394428439555e+04	3.846332936525804352e-02	2.950752194751797219e+01	8.002880859375000000e+03	1.223018839741522967e+01	8.231445312500000000e+00	3.491132301421928474e+01	1.178027343750000000e+01	3.465274710441265427e+01	5.194774246912451154e+00	3.335937500000000222e-01	6.742310546875000810e-02
7.644434394428439555e+04	3.846332936525804352e-02	2.950752194751797219e+01	8.002880859375000000e+03	1.223018839741522967e+01	8.231445312500000000e+00	3.491132301421928474e+01	1.178027343750000000e+01	3.465274710441265427e+01	5.194774246912451154e+00	3.120312500000000377e-01	6.373318359375000630e-02
7.644434394428439555e+04	3.846332936525804352e-02	2.950752194751797219e+01	8.002880859375000000e+03	1.223018839741522967e+01	8.231445312500000000e+00	3.491132301421928474e+01	1.178027343750000000e+01	3.465274710441265427e+01	5.194774246912451154e+00	3.120312500000000377e-01	6.742310546875000810e-02
8.170307505063309509e+04	8.135231288004912686e-02	2.566400361143728048e+01	8.214462890625000000e+03	8.167178087311443235e+00	1.554394531250000000e+01	3.892131401476262198e+01	8.844726562500000000e+00	3.437751999740936526e+01	5.303608630754867548e+00	2.535937500000000067e-01	5.726318359375000971e-02
1.341123272080404276e+05	8.135231288004912686e-02	2.566400361143728048e+01	8.214462890625000000e+03	8.167178087311443235e+00	1.554394531250000000e+01	3.892131401476262198e+01	8.844726562500000000e+00	3.437751999740936526e+01	5.303608630754867548e+00	2.535937500000000067e-01	5.726318359375000971e-02
8.170307505063309509e+04	6.517983735638316345e-02	2.566400361143728048e+01	8.214462890625000000e+03	8.167178087311443235e+00	1.554394531250000000e+01	3.892131401476262198e+01	8.844726562500000000e+00	3.437751999740936526e+01	5.303608630754867548e+00	2.535937500000000067e-01	5.726318359375000971e-02
8.170307505063309509e+04	8.135231288004912686e-02	2.664605434684258256e+01	8.214462890625000000e+03	8.167178087311443235e+00	1.554394531250000000e+01	3.892131401476262198e+01	8.844726562500000000e+00	3.437751999740936526e+01	5.303608630754867548e+00	2.535937500000000067e-01	5.726318359375000971e-02
8.170307505063309509e+04	8.135231288004912686e-02	2.566400361143728048e+01	8.347880859375000000e+03	8.167178087311443235e+00	1.554394531250000000e+01	3.892131401476262198e+01	8.844726562500000000e+00	3.437751999740936526e+01	5.303608630754867548e+00	2.535937500000000067e-01	5.726318359375000971e-02
8.170307505063309509e+04	8.135231288004912686e-02	2.566400361143728048e+01	8.214462890625000000e+03	1.966564382537711708e+01	1.554394531250000000e+01	3.892131401476262198e+01	8.844726562500000000e+00	3.437751999740936526e+01	5.303608630754867548e+00	2.535937500000000067e-01	5.726318359375000971e-02
8.170307505063309509e+04	8.135231288004912686e-02	2.566400361143728048e+01	8.214462890625000000e+03	8.167178087311443235e+00	1.473144531250000000e+01	3.892131401476262198e+01	8.844726562500000000e+00	3.437751999740936526e+01	5.303608630754867548e+00	2.535937500000000067e-01	5.726318359375000971e-02
8.170307505063309509e+04	8.135231288004912686e-02	2.566400361143728048e+01	8.214462890625000000e+03	8.167178087311443235e+00	1.554394531250000000e+01	3.860936082122244528e+01	8.844726562500000000e+00	3.437751999740936526e+01	5.303608630754867548e+00	2.535937500000000067e-01	5.726318359375000971e-02
8.170307505063309509e+04	8.135231288004912686e-02	2.566400361143728048e+01	8.214462890625000000e+03	8.167178087311443235e+00	1.554394531250000000e+01	3.892131401476262198e+01	7.280273437500000000e+00	3.437751999740936526e+01	5.303608630754867548e+00	2.535937500000000067e-01	5.726318359375000971e-02
8.170307505063309509e+04	8.135231288004912686e-02	2.566400361143728048e+01	8.214462890625000000e+03	8.167178087311443235e+00	1.554394531250000000e+01	3.892131401476262198e+01	8.844726562500000000e+00	2.667178087311443591e+01	5.303608630754867548e+00	2.535937500000000067e-01	5.726318359375000971e-02
8.170307505063309509e+04	8.135231288004912686e-02	2.566400361143728048e+01	8.214462890625000000e+03	8.167178087311443235e+00	1.554394531250000000e+01	3.892131401476262198e+01	8.844726562500000000e+00	3.437751999740936526e+01	7.344771608235996396e+00	2.535937500000000067e-01	5.726318359375000971e-02
8.170307505063309509e+04	8.135231288004912686e-02	2.566400361143728048e+01	8.214462890625000000e+03	8.167178087311443235e+00	1.554394531250000000e+01	3.892131401476262198e+01	8.844726562500000000e+00	3.437751999740936526e+01	5.303608630754867548e+00	2.320312500000000222e-01	5.726318359375000971e-02
8.170307505063309509e+04	8.135231288004912686e-02	2.566400361143728048e+01	8.214462890625000000e+03	8.167178087311443235e+00	1.554394531250000000e+01	3.892131401476262198e+01	8.844726562500000000e+00	3.437751999740936526e+01	5.303608630754867548e+00	2.535937500000000067e-01	6.095310546875000457e-02
8.170307505063309509e+04	6.517983735638316345e-02	2.664605434684258256e+01	8.347880859375000000e+03	1.966564382537711708e+01	1.473144531250000000e+01	3.860936082122244528e+01	7.280273437500000000e+00	2.667178087311443591e+01	7.344771608235996396e+00	2.320312500000000222e-01	6.095310546875000457e-02
1.341123272080404276e+05	8.135231288004912686e-02	2.664605434684258256e+01	8.347880859375000000e+03	1.966564382537711708e+01	1.473144531250000000e+01	3.860936082122244528e+01	7.280273437500000000e+00	2.667178087311443591e+01	7.344771608235996396e+00	2.320312500000000222e-01	6.095310546875000457e-02
1.341123272080404276e+05	6.517983735638316345e-02	2.566400361143728048e+01	8.347880859375000000e+03	1.966564382537711708e+01	1.473144531250000000e+01	3.860936082122244528e+01	7.280273437500000000e+00	2.667178087311443591e+01	7.344771608235996396e+00	2.320312500000000222e-01	6.095310546875000457e-02
1.341123272080404276e+05	6.517983735638316345e-02	2.664605434684258256e+01	8.214462890625000000e+03	1.966564382537711708e+01	1.473144531250000000e+01	3.860936082122244528e+01	7.280273437500000000e+00	2.667178087311443591e+01	7.344771608235996396e+00	2.320312500000000222e-01	6.095310546875000457e-02
1.341123272080404276e+05	6.517983735638316345e-02	2.664605434684258256e+01	8.347880859375000000e+03	8.167178087311443235e+00	1.473144531250000000e+01	3.860936082122244528e+01	7.280273437500000000e+00	2.667178087311443591e+01	7.344771608235996396e+00	2.320312500000000222e-01	6.095310546875000457e-02
1.341123272080404276e+05	6.517983735638316345e-02	2.664605434684258256e+01	8.347880859375000000e+03	1.966564382537711708e+01	1.554394531250000000e+01	3.860936082122244528e+01	7.280273437500000000e+00	2.667178087311443591e+01	7.344771608235996396e+00	2.320312500000000222e-01	6.095310546875000457e-02
1.341123272080404276e+05	6.517983735638316345e-02	2.664605434684258256e+01	8.347880859375000000e+03	1.966564382537711708e+01	1.473144531250000000e+01	3.892131401476262198e+01	7.280273437500000000e+00	2.667178087311443591e+01	7.344771608235996396e+00	2.320312500000000222e-01	6.095310546875000457e-02
1.341123272080404276e+05	6.517983735638316345e-02	2.664605434684258256e+01	8.347880859375000000e+03	1.966564382537711708e+01	1.473144531250000000e+01	3.860936082122244528e+01	8.844726562500000000e+00	2.667178087311443591e+01	7.344771608235996396e+00	2.320312500000000222e-01	6.095310546875000457e-02
1.341123272080404276e+05	6.517983735638316345e-02	2.664605434684258256e+01	8.347880859375000000e+03	1.966564382537711708e+01	1.473144531250000000e+01	3.860936082122244528e+01	7.280273437500000000e+00	3.437751999740936526e+01	7.344771608235996396e+00	2.320312500000000222e-01	6.095310546875000457e-02
1.341123272080404276e+05	6.517983735638316345e-02	2.664605434684258256e+01	8.347880859375000000e+03	1.966564382537711708e+01	1.473144531250000000e+01	3.860936082122244528e+01	7.280273437500000000e+00	2.667178087311443591e+01	5.303608630754867548e+00	2.320312500000000222e-01	6.095310546875000457e-02
1.341123272080404276e+05	6.517983735638316345e-02	2.664605434684258256e+01	8.347880859375000000e+03	1.966564382537711708e+01	1.473144531250000000e+01	3.860936082122244528e+01	7.280273437500000000e+00	2.667178087311443591e+01	7.344771608235996396e+00	2.535937500000000067e-01	6.095310546875000457e-02
1.341123272080404276e+05	6.517983735638316345e-02	2.664605434684258256e+01	8.347880859375000000e+03	1.966564382537711708e+01	1.473144531250000000e+01	3.860936082122244528e+01	7.280273437500000000e+00	2.667178087311443591e+01	7.344771608235996396e+00	2.320312500000000222e-01	5.726318359375000971e-02
1.341123272080404276e+05	6.517983735638316345e-02	2.664605434684258256e+01	8.347880859375000000e+03	1.966564382537711708e+01	1.473144531250000000e+01	3.860936082122244528e+01	7.280273437500000000e+00	2.667178087311443591e+01	7.344771608235996396e+00	2.320312500000000222e-01	6.095310546875000457e-02
7.000782512151243282e+04	5.596491708407717869e-02	2.440997502740122727e+01	8.128212890625000000e+03	9.643351033725940269e+00	1.716894531250000000e+01	3.648766859125834117e+01	3.219726562500000000e+00	2.871088185530019388e+01	6.966263005064686098e+00	3.535937500000000400e-01	5.888068359375001060e-02
6.379059132051573397e+04	5.596491708407717869e-02	2.440997502740122727e+01	8.128212890625000000e+03	9.643351033725940269e+00	1.716894531250000000e+01	3.648766859125834117e+01	3.219726562500000000e+00	2.871088185530019388e+01	6.966263005064686098e+00	3.535937500000000400e-01	5.888068359375001060e-02
7.000782512151243282e+04	7.381314338791862550e-02	2.440997502740122727e+01	8.128212890625000000e+03	9.643351033725940269e+00	1.716894531250000000e+01	3.648766859125834117e+01	3.219726562500000000e+00	2.871088185530019388e+01	6.966263005064686098e+00	3.535937500000000400e-01	5.888068359375001060e-02
7.000782512151243282e+04	5.596491708407717869e-02	2.566400361143728048e+01	8.128212890625000000e+03	9.643351033725940269e+00	1.716894531250000000e+01	3.648766859125834117e+01	3.219726562500000000e+00	2.871088185530019388e+01	6.966263005064686098e+00	3.535937500000000400e-01	5.888068359375001060e-02
7.000782512151243282e+04	5.596491708407717869e-02	2.440997502740122727e+01	8.434130859375000000e+03	9.643351033725940269e+00	1.716894531250000000e+01	3.648766859125834117e+01	3.219726562500000000e+00	2.871088185530019388e+01	6.966263005064686098e+00	3.535937500000000400e-01	5.888068359375001060e-02
7.000782512151243282e+04	5.596491708407717869e-02	2.440997502740122727e+01	8.128212890625000000e+03	1.671329793254811591e+01	1.716894531250000000e+01	3.648766859125834117e+01	3.219726562500000000e+00	2.871088185530019388e+01	6.966263005064686098e+00	3.535937500000000400e-01	5.888068359375001060e-02
7.000782512151243282e+04	5.596491708407717869e-02	2.440997502740122727e+01	8.128212890625000000e+03	9.643351033725940269e+00	1.635644531250000000e+01	3.648766859125834117e+01	3.219726562500000000e+00	2.871088185530019388e+01	6.966263005064686098e+00	3.535937500000000400e-01	5.888068359375001060e-02
7.000782512151243282e+04	5.596491708407717869e-02	2.440997502740122727e+01	8.128212890625000000e+03	9.643351033725940269e+00	1.716894531250000000e+01	3.340897253582365778e+01	3.219726562500000000e+00	2.871088185530019388e+01	6.966263005064686098e+00	3.535937500000000400e-01	5.888068359375001060e-02
7.000782512151243282e+04	5.596491708407717869e-02	2.440997502740122727e+01	8.128212890625000000e+03	9.643351033725940269e+00	1.716894531250000000e+01	3.648766859125834117e+01	8.405273437500000000e+00	2.871088185530019388e+01	6.966263005064686098e+00	3.535937500000000400e-01	5.888068359375001060e-02
7.000782512151243282e+04	5.596491708407717869e-02	2.440997502740122727e+01	8.128212890625000000e+03	9.643351033725940269e+00	1.716894531250000000e+01	3.648766859125834117e+01	3.219726562500000000e+00	3.299251146310597704e+01	6.966263005064686098e+00	3.535937500000000400e-01	5.888068359375001060e-02
7.000782512151243282e+04	5.596491708407717869e-02	2.440997502740122727e+01	8.128212890625000000e+03	9.643351033725940269e+00	1.716894531250000000e+01	3.648766859125834117e+01	3.219726562500000000e+00	2.871088185530019388e+01	6.893082778386779630e+00	3.535937500000000400e-01	5.888068359375001060e-02
7.000782512151243282e+04	5.596491708407717869e-02	2.440997502740122727e+01	8.128212890625000000e+03	9.643351033725940269e+00	1.716894531250000000e+01	3.648766859125834117e+01	3.219726562500000000e+00	2.871088185530019388e+01	6.966263005064686098e+00	2.920312500000000200e-01	5.888068359375001060e-02
7.000782512151243282e+04	5.596491708407717869e-02	2.440997502740122727e+01	8.128212890625000000e+03	9.643351033725940269e+00	1.716894531250000000e+01	3.648766859125834117e+01	3.219726562500000000e+00	2.871088185530019388e+01	6.966263005064686098e+00	3.535937500000000400e-01	6.257060546874999851e-02
7.000782512151243282e+04	7.381314338791862550e-02	2.566400361143728048e+01	8.434130859375000000e+03	1.671329793254811591e+01	1.635644531250000000e+01	3.340897253582365778e+01	8.405273437500000000e+00	3.299251146310597704e+01	6.893082778386779630e+00	2.920312500000000200e-01	6.257060546874999851e-02
6.379059132051573397e+04	5.596491708407717869e-02	2.566400361143728048e+01	8.434130859375000000e+03	1.671329793254811591e+01	1.635644531250000000e+01	3.340897253582365778e+01	8.405273437500000000e+00	3.299251146310597704e+01	6.893082778386779630e+00	2.920312500000000200e-01	6.257060546874999851e-02
6.379059132051573397e+04	7.381314338791862550e-02	2.440997502740122727e+01	8.434130859375000000e+03	1.671329793254811591e+01	1.635644531250000000e+01	3.340897253582365778e+01	8.405273437500000000e+00	3.299251146310597704e+01	6.893082778386779630e+00	2.920312500000000200e-01	6.257060546874999851e-02
6.379059132051573397e+04	7.381314338791862550e-02	2.566400361143728048e+01	8.128212890625000000e+03	1.671329793254811591e+01	1.635644531250000000e+01	3.340897253582365778e+01	8.405273437500000000e+00	3.299251146310597704e+01	6.893082778386779630e+00	2.920312500000000200e-01	6.257060546874999851e-02
6.379059132051573397e+04	7.381314338791862550e-02	2.566400361143728048e+01	8.434130859375000000e+03	9.643351033725940269e+00	1.635644531250000000e+01	3.340897253582365778e+01	8.405273437500000000e+00	3.299251146310597704e+01	6.893082778386779630e+00	2.920312500000000200e-01	6.257060546874999851e-02
6.379059132051573397e+04	7.381314338791862550e-02	2.566400361143728048e+01	8.434130859375000000e+03	1.671329793254811591e+01	1.716894531250000000e+01	3.340897253582365778e+01	8.405273437500000000e+00	3.299251146310597704e+01	6.893082778386779630e+00	2.920312500000000200e-01	6.257060546874999851e-02
6.379059132051573397e+04	7.381314338791862550e-02	2.566400361143728048e+01	8.434130859375000000e+03	1.671329793254811591e+01	1.635644531250000000e+01	3.648766859125834117e+01	8.405273437500000000e+00	3.299251146310597704e+01	6.893082778386779630e+00	2.920312500000000200e-01	6.257060546874999851e-02
6.379059132051573397e+04	7.381314338791862550e-02	2.566400361143728048e+01	8.434130859375000000e+03	1.671329793254811591e+01	1.635644531250000000e+01	3.340897253582365778e+01	3.219726562500000000e+00	3.299251146310597704e+01	6.893082778386779630e+00	2.920312500000000200e-01	6.257060546874999851e-02
6.379059132051573397e+04	7.381314338791862550e-02	2.566400361143728048e+01	8.434130859375000000e+03	1.671329793254811591e+01	1.635644531250000000e+01	3.340897253582365778e+01	8.405273437500000000e+00	2.871088185530019388e+01	6.893082778386779630e+00	2.920312500000000200e-01	6.257060546874999851e-02
6.379059132051573397e+04	7.381314338791862550e-02	2.566400361143728048e+01	8.434130859375000000e+03	1.671329793254811591e+01	1.635644531250000000e+01	3.340897253582365778e+01	8.405273437500000000e+00	3.299251146310597704e+01	6.966263005064686098e+00	2.920312500000000200e-01	6.257060546874999851e-02
6.379059132051573397e+04	7.381314338791862550e-02	2.566400361143728048e+01	8.434130859375000000e+03	1.671329793254811591e+01	1.635644531250000000e+01	3.340897253582365778e+01	8.405273437500000000e+00	3.299251146310597704e+01	6.893082778386779630e+00	3.535937500000000400e-01	6.257060546874999851e-02
6.379059132051573397e+04	7.381314338791862550e-02	2.566400361143728048e+01	8.434130859375000000e+03	1.671329793254811591e+01	1.635644531250000000e+01	3.340897253582365778e+01	8.405273437500000000e+00	3.299251146310597704e+01	6.893082778386779630e+00	2.920312500000000200e-01	5.888068359375001060e-02
6.379059132051573397e+04	7.381314338791862550e-02	2.566400361143728048e+01	8.434130859375000000e+03	1.671329793254811591e+01	1.635644531250000000e+01	3.340897253582365778e+01	8.405273437500000000e+00	3.299251146310597704e+01	6.893082778386779630e+00	2.920312500000000200e-01	6.257060546874999851e-02
1.224281444509639259e+05	9.825792985569063720e-02	2.821996742980880768e+01	8.473212890625000000e+03	1.412276817339999724e+01	1.066894531250000000e+01	3.959634533299005454e+01	7.719726562500000000e+00	3.606262400988932626e+01	4.533180096060265285e+00	2.735937500000000244e-01	6.535068359375000024e-02
1.140968389337241824e+05	9.825792985569063720e-02	2.821996742980880768e+01	8.473212890625000000e+03	1.412276817339999724e+01	1.066894531250000000e+01	3.959634533299005454e+01	7.719726562500000000e+00	3.606262400988932626e+01	4.533180096060265285e+00	2.735937500000000244e-01	6.535068359375000024e-02
1.224281444509639259e+05	4.567867853395107813e-02	2.821996742980880768e+01	8.473212890625000000e+03	1.412276817339999724e+01	1.066894531250000000e+01	3.959634533299005454e+01	7.719726562500000000e+00	3.606262400988932626e+01	4.533180096060265285e+00	2.735937500000000244e-01	6.535068359375000024e-02
1.224281444509639259e+05	9.825792985569063720e-02	2.889005257824686623e+01	8.473212890625000000e+03	1.412276817339999724e+01	1.066894531250000000e+01	3.959634533299005454e+01	7.719726562500000000e+00	3.606262400988932626e+01	4.533180096060265285e+00	2.735937500000000244e-01	6.535068359375000024e-02
1.224281444509639259e+05	9.825792985569063720e-02	2.821996742980880768e+01	8.089130859375000000e+03	1.412276817339999724e+01	1.066894531250000000e+01	3.959634533299005454e+01	7.719726562500000000e+00	3.606262400988932626e+01	4.533180096060265285e+00	2.735937500000000244e-01	6.535068359375000024e-02
1.224281444509639259e+05	9.825792985569063720e-02	2.821996742980880768e+01	8.473212890625000000e+03	1.113955715681906433e+01	1.066894531250000000e+01	3.959634533299005454e+01	7.719726562500000000e+00	3.606262400988932626e+01	4.533180096060265285e+00	2.735937500000000244e-01	6.535068359375000024e-02
1.224281444509639259e+05	9.825792985569063720e-02	2.821996742980880768e+01	8.473212890625000000e+03	1.412276817339999724e+01	9.856445312500000000e+00	3.959634533299005454e+01	7.719726562500000000e+00	3.606262400988932626e+01	4.533180096060265285e+00	2.735937500000000244e-01	6.535068359375000024e-02
1.224281444509639259e+05	9.825792985569063720e-02	2.821996742980880768e+01	8.473212890625000000e+03	1.412276817339999724e+01	1.066894531250000000e+01	3.784991042942529305e+01	7.719726562500000000e+00	3.606262400988932626e+01	4.533180096060265285e+00	2.735937500000000244e-01	6.535068359375000024e-02
1.224281444509639259e+05	9.825792985569063720e-02	2.821996742980880768e+01	8.473212890625000000e+03	1.412276817339999724e+01	1.066894531250000000e+01	3.959634533299005454e+01	3.905273437500000000e+00	3.606262400988932626e+01	4.533180096060265285e+00	2.735937500000000244e-01	6.535068359375000024e-02
1.224281444509639259e+05	9.825792985569063720e-02	2.821996742980880768e+01	8.473212890625000000e+03	1.412276817339999724e+01	1.066894531250000000e+01	3.959634533299005454e+01	7.719726562500000000e+00	2.358664479002130321e+01	4.533180096060265285e+00	2.735937500000000244e-01	6.535068359375000024e-02
1.224281444509639259e+05	9.825792985569063720e-02	2.821996742980880768e+01	8.473212890625000000e+03	1.412276817339999724e+01	1.066894531250000000e+01	3.959634533299005454e+01	7.719726562500000000e+00	3.606262400988932626e+01	4.392198331050307658e+00	2.735937500000000244e-01	6.535068359375000024e-02
1.224281444509639259e+05	9.825792985569063720e-02	2.821996742980880768e+01	8.473212890625000000e+03	1.412276817339999724e+01	1.066894531250000000e+01	3.959634533299005454e+01	7.719726562500000000e+00	3.606262400988932626e+01	4.533180096060265285e+00	2.120312500000000322e-01	6.535068359375000024e-02
1.224281444509639259e+05	9.825792985569063720e-02	2.821996742980880768e+01	8.473212890625000000e+03	1.412276817339999724e+01	1.066894531250000000e+01	3.959634533299005454e+01	7.719726562500000000e+00	3.606262400988932626e+01	4.533180096060265285e+00	2.735937500000000244e-01	6.904060546875000204e-02
1.224281444509639259e+05	4.567867853395107813e-02	2.889005257824686623e+01	8.089130859375000000e+03	1.113955715681906433e+01	9.856445312500000000e+00	3.784991042942529305e+01	3.905273437500000000e+00	2.358664479002130321e+01	4.392198331050307658e+00	2.120312500000000322e-01	6.904060546875000204e-02
1.140968389337241824e+05	9.825792985569063720e-02	2.889005257824686623e+01	8.089130859375000000e+03	1.113955715681906433e+01	9.856445312500000000e+00	3.784991042942529305e+01	3.905273437500000000e+00	2.358664479002130321e+01	4.392198331050307658e+00	2.120312500000000322e-01	6.904060546875000204e-02
1.140968389337241824e+05	4.567867853395107813e-02	2.821996742980880768e+01	8.089130859375000000e+03	1.113955715681906433e+01	9.856445312500000000e+00	3.784991042942529305e+01	3.905273437500000000e+00	2.358664479002130321e+01	4.392198331050307658e+00	2.120312500000000322e-01	6.904060546875000204e-02
1.140968389337241824e+05	4.567867853395107813e-02	2.889005257824686623e+01	8.473212890625000000e+03	1.113955715681906433e+01	9.856445312500000000e+00	3.784991042942529305e+01	3.905273437500000000e+00	2.358664479002130321e+01	4.392198331050307658e+00	2.120312500000000322e-01	6.904060546875000204e-02
1.140968389337241824e+05	4.567867853395107813e-02	2.889005257824686623e+01	8.089130859375000000e+03	1.412276817339999724e+01	9.856445312500000000e+00	3.784991042942529305e+01	3.905273437500000000e+00	2.358664479002130321e+01	4.392198331050307658e+00	2.120312500000000322e-01	6.904060546875000204e-02
1.140968389337241824e+05	4.567867853395107813e-02	2.889005257824686623e+01	8.089130859375000000e+03	1.113955715681906433e+01	1.066894531250000000e+01	3.784991042942529305e+01	3.905273437500000000e+00	2.358664479002130321e+01	4.392198331050307658e+00	2.120312500000000322e-01	6.904060546875000204e-02
1.140968389337241824e+05	4.567867853395107813e-02	2.889005257824686623e+01	8.089130859375000000e+03	1.113955715681906433e+01	9.856445312500000000e+00	3.959634533299005454e+01	3.905273437500000000e+00	2.358664479002130321e+01	4.392198331050307658e+00	2.120312500000000322e-01	6.904060546875000204e-02
1.140968389337241824e+05	4.567867853395107813e-02	2.889005257824686623e+01	8.089130859375000000e+03	1.113955715681906433e+01	9.856445312500000000e+00	3.784991042942529305e+01	7.719726562500000000e+00	2.358664479002130321e+01	4.392198331050307658e+00	2.120312500000000322e-01	6.904060546875000204e-02
1.140968389337241824e+05	4.567867853395107813e-02	2.889005257824686623e+01	8.089130859375000000e+03	1.113955715681906433e+01	9.856445312500000000e+00	3.784991042942529305e+01	3.905273437500000000e+00	3.606262400988932626e+01	4.392198331050307658e+00	2.120312500000000322e-01	6.904060546875000204e-02
1.140968389337241824e+05	4.567867853395107813e-02	2.889005257824686623e+01	8.089130859375000000e+03	1.113955715681906433e+01	9.856445312500000000e+00	3.784991042942529305e+01	3.905273437500000000e+00	2.358664479002130321e+01	4.533180096060265285e+00	2.120312500000000322e-01	6.904060546875000204e-02
1.140968389337241824e+05	4.567867853395107813e-02	2.889005257824686623e+01	8.089130859375000000e+03	1.113955715681906433e+01	9.856445312500000000e+00	3.784991042942529305e+01	3.905273437500000000e+00	2.358664479002130321e+01	4.392198331050307658e+00	2.735937500000000244e-01	6.904060546875000204e-02
1.140968389337241824e+05	4.567867853395107813e-02	2.889005257824686623e+01	8.089130859375000000e+03	1.113955715681906433e+01	9.856445312500000000e+00	3.784991042942529305e+01	3.905273437500000000e+00	2.358664479002130321e+01	4.392198331050307658e+00	2.120312500000000322e-01	6.535068359375000024e-02
1.140968389337241824e+05	4.567867853395107813e-02	2.889005257824686623e+01	8.089130859375000000e+03	1.113955715681906433e+01	9.856445312500000000e+00	3.784991042942529305e+01	3.905273437500000000e+00	2.358664479002130321e+01	4.392198331050307658e+00	2.120312500000000322e-01	6.904060546875000204e-02
9.288769709518697346e+04	4.376635949719687169e-02	2.664605434684258256e+01	7.955712890625000000e+03	1.787074083521026679e+01	7.418945312500000000e+00	3.413398642353842405e+01	9.969726562500000000e+00	3.269147481839770819e+01	5.932828745242173518e+00	2.335937500000000444e-01	6.858568359375000201e-02
2.273623412109357014e+04	4.376635949719687169e-02	2.664605434684258256e+01	7.955712890625000000e+03	1.787074083521026679e+01	7.418945312500000000e+00	3.413398642353842405e+01	9.969726562500000000e+00	3.269147481839770819e+01	5.932828745242173518e+00	2.335937500000000444e-01	6.858568359375000201e-02
9.288769709518697346e+04	5.793294520432192007e-02	2.664605434684258256e+01	7.955712890625000000e+03	1.787074083521026679e+01	7.418945312500000000e+00	3.413398642353842405e+01	9.969726562500000000e+00	3.269147481839770819e+01	5.932828745242173518e+00	2.335937500000000444e-01	6.858568359375000201e-02
9.288769709518697346e+04	4.376635949719687169e-02	2.748096672476413715e+01	7.955712890625000000e+03	1.787074083521026679e+01	7.418945312500000000e+00	3.413398642353842405e+01	9.969726562500000000e+00	3.269147481839770819e+01	5.932828745242173518e+00	2.335937500000000444e-01	6.858568359375000201e-02
9.288769709518697346e+04	4.376635949719687169e-02	2.664605434684258256e+01	8.606630859375000000e+03	1.787074083521026679e+01	7.418945312500000000e+00	3.413398642353842405e+01	9.969726562500000000e+00	3.269147481839770819e+01	5.932828745242173518e+00	2.335937500000000444e-01	6.858568359375000201e-02
9.288769709518697346e+04	4.376635949719687169e-02	2.664605434684258256e+01	7.955712890625000000e+03	9.064629582394866603e+00	7.418945312500000000e+00	3.413398642353842405e+01	9.969726562500000000e+00	3.269147481839770819e+01	5.932828745242173518e+00	2.335937500000000444e-01	6.858568359375000201e-02
9.288769709518697346e+04	4.376635949719687169e-02	2.664605434684258256e+01	7.955712890625000000e+03	1.787074083521026679e+01	1.960644531250000000e+01	3.413398642353842405e+01	9.969726562500000000e+00	3.269147481839770819e+01	5.932828745242173518e+00	2.335937500000000444e-01	6.858568359375000201e-02
9.288769709518697346e+04	4.376635949719687169e-02	2.664605434684258256e+01	7.955712890625000000e+03	1.787074083521026679e+01	7.418945312500000000e+00	3.930704538239714196e+01	9.969726562500000000e+00	3.269147481839770819e+01	5.932828745242173518e+00	2.335937500000000444e-01	6.858568359375000201e-02
9.288769709518697346e+04	4.376635949719687169e-02	2.664605434684258256e+01	7.955712890625000000e+03	1.787074083521026679e+01	7.418945312500000000e+00	3.413398642353842405e+01	1.065527343750000000e+01	3.269147481839770819e+01	5.932828745242173518e+00	2.335937500000000444e-01	6.858568359375000201e-02
9.288769709518697346e+04	4.376635949719687169e-02	2.664605434684258256e+01	7.955712890625000000e+03	1.787074083521026679e+01	7.418945312500000000e+00	3.413398642353842405e+01	9.969726562500000000e+00	3.641986273831575005e+01	5.932828745242173518e+00	2.335937500000000444e-01	6.858568359375000201e-02
9.288769709518697346e+04	4.376635949719687169e-02	2.664605434684258256e+01	7.955712890625000000e+03	1.787074083521026679e+01	7.418945312500000000e+00	3.413398642353842405e+01	9.969726562500000000e+00	3.269147481839770819e+01	5.840976637831502671e+00	2.335937500000000444e-01	6.858568359375000201e-02
9.288769709518697346e+04	4.376635949719687169e-02	2.664605434684258256e+01	7.955712890625000000e+03	1.787074083521026679e+01	7.418945312500000000e+00	3.413398642353842405e+01	9.969726562500000000e+00	3.269147481839770819e+01	5.932828745242173518e+00	3.320312500000000000e-01	6.858568359375000201e-02
9.288769709518697346e+04	4.376635949719687169e-02	2.664605434684258256e+01	7.955712890625000000e+03	1.787074083521026679e+01	7.418945312500000000e+00	3.413398642353842405e+01	9.969726562500000000e+00	3.269147481839770819e+01	5.932828745242173518e+00	2.335937500000000444e-01	5.933560546875000369e-02
9.288769709518697346e+04	5.793294520432192007e-02	2.748096672476413715e+01	8.606630859375000000e+03	9.064629582394866603e+00	1.960644531250000000e+01	3.930704538239714196e+01	1.065527343750000000e+01	3.641986273831575005e+01	5.840976637831502671e+00	3.320312500000000000e-01	5.933560546875000369e-02
2.273623412109357014e+04	4.376635949719687169e-02	2.748096672476413715e+01	8.606630859375000000e+03	9.064629582394866603e+00	1.960644531250000000e+01	3.930704538239714196e+01	1.065527343750000000e+01	3.641986273831575005e+01	5.840976637831502671e+00	3.320312500000000000e-01	5.933560546875000369e-02
2.273623412109357014e+04	5.793294520432192007e-02	2.664605434684258256e+01	8.606630859375000000e+03	9.064629582394866603e+00	1.960644531250000000e+01	3.930704538239714196e+01	1.065527343750000000e+01	3.641986273831575005e+01	5.840976637831502671e+00	3.320312500000000000e-01	5.933560546875000369e-02
2.273623412109357014e+04	5.793294520432192007e-02	2.748096672476413715e+01	7.955712890625000000e+03	9.064629582394866603e+00	1.960644531250000000e+01	3.930704538239714196e+01	1.065527343750000000e+01	3.641986273831575005e+01	5.840976637831502671e+00	3.320312500000000000e-01	5.933560546875000369e-02
2.273623412109357014e+04	5.793294520432192007e-02	2.748096672476413715e+01	8.606630859375000000e+03	1.787074083521026679e+01	1.960644531250000000e+01	3.930704538239714196e+01	1.065527343750000000e+01	3.641986273831575005e+01	5.840976637831502671e+00	3.320312500000000000e-01	5.933560546875000369e-02
2.273623412109357014e+04	5.793294520432192007e-02	2.748096672476413715e+01	8.606630859375000000e+03	9.064629582394866603e+00	7.418945312500000000e+00	3.930704538239714196e+01	1.065527343750000000e+01	3.641986273831575005e+01	5.840976637831502671e+00	3.320312500000000000e-01	5.933560546875000369e-02
2.273623412109357014e+04	5.793294520432192007e-02	2.748096672476413715e+01	8.606630859375000000e+03	9.064629582394866603e+00	1.960644531250000000e+01	3.413398642353842405e+01	1.065527343750000000e+01	3.641986273831575005e+01	5.840976637831502671e+00	3.320312500000000000e-01	5.933560546875000369e-02
2.273623412109357014e+04	5.793294520432192007e-02	2.748096672476413715e+01	8.606630859375000000e+03	9.064629582394866603e+00	1.960644531250000000e+01	3.930704538239714196e+01	9.969726562500000000e+00	3.641986273831575005e+01	5.840976637831502671e+00	3.320312500000000000e-01	5.933560546875000369e-02
2.273623412109357014e+04	5.793294520432192007e-02	2.748096672476413715e+01	8.606630859375000000e+03	9.064629582394866603e+00	1.960644531250000000e+01	3.930704538239714196e+01	1.065527343750000000e+01	3.269147481839770819e+01	5.840976637831502671e+00	3.320312500000000000e-01	5.933560546875000369e-02
2.273623412109357014e+04	5.793294520432192007e-02	2.748096672476413715e+01	8.606630859375000000e+03	9.064629582394866603e+00	1.960644531250000000e+01	3.930704538239714196e+01	1.065527343750000000e+01	3.641986273831575005e+01	5.932828745242173518e+00	3.320312500000000000e-01	5.933560546875000369e-02
2.273623412109357014e+04	5.793294520432192007e-02	2.748096672476413715e+01	8.606630859375000000e+03	9.064629582394866603e+00	1.960644531250000000e+01	3.930704538239714196e+01	1.065527343750000000e+01	3.641986273831575005e+01	5.840976637831502671e+00	2.335937500000000444e-01	5.933560546875000369e-02
2.273623412109357014e+04	5.793294520432192007e-02	2.748096672476413715e+01	8.606630859375000000e+03	9.064629582394866603e+00	1.960644531250000000e+01	3.930704538239714196e+01	1.065527343750000000e+01	3.641986273831575005e+01	5.840976637831502671e+00	3.320312500000000000e-01	6.858568359375000201e-02
2.273623412109357014e+04	5.793294520432192007e-02	2.748096672476413715e+01	8.606630859375000000e+03	9.064629582394866603e+00	1.960644531250000000e+01	3.930704538239714196e+01	1.065527343750000000e+01	3.641986273831575005e+01	5.840976637831502671e+00	3.320312500000000000e-01	5.933560546875000369e-02
3.674818730635682732e+04	7.105490829197534663e-02	2.950752194751797219e+01	8.300712890625000000e+03	1.165346525400895317e+01	1.391894531250000000e+01	3.819083901380072632e+01	5.469726562500000000e+00	2.293651568700018473e+01	7.824970824618157295e+00	3.135937500000000044e-01	6.211568359375000542e-02
8.747230098595058371e+04	7.105490829197534663e-02	2.950752194751797219e+01	8.300712890625000000e+03	1.165346525400895317e+01	1.391894531250000000e+01	3.819083901380072632e+01	5.469726562500000000e+00	2.293651568700018473e+01	7.824970824618157295e+00	3.135937500000000044e-01	6.211568359375000542e-02
3.674818730635682732e+04	2.473228604904648825e-02	2.950752194751797219e+01	8.300712890625000000e+03	1.165346525400895317e+01	1.391894531250000000e+01	3.819083901380072632e+01	5.469726562500000000e+00	2.293651568700018473e+01	7.824970824618157295e+00	3.135937500000000044e-01	6.211568359375000542e-02
3.674818730635682732e+04	7.105490829197534663e-02	2.222594032787081630e+01	8.300712890625000000e+03	1.165346525400895317e+01	1.391894531250000000e+01	3.819083901380072632e+01	5.469726562500000000e+00	2.293651568700018473e+01	7.824970824618157295e+00	3.135937500000000044e-01	6.211568359375000542e-02
3.674818730635682732e+04	7.105490829197534663e-02	2.950752194751797219e+01	8.261630859375000000e+03	1.165346525400895317e+01	1.391894531250000000e+01	3.819083901380072632e+01	5.469726562500000000e+00	2.293651568700018473e+01	7.824970824618157295e+00	3.135937500000000044e-01	6.211568359375000542e-02
3.674818730635682732e+04	7.105490829197534663e-02	2.950752194751797219e+01	8.300712890625000000e+03	1.345896851955221862e+01	1.391894531250000000e+01	3.819083901380072632e+01	5.469726562500000000e+00	2.293651568700018473e+01	7.824970824618157295e+00	3.135937500000000044e-01	6.211568359375000542e-02
3.674818730635682732e+04	7.105490829197534663e-02	2.950752194751797219e+01	8.300712890625000000e+03	1.165346525400895317e+01	1.310644531250000000e+01	3.819083901380072632e+01	5.469726562500000000e+00	2.293651568700018473e+01	7.824970824618157295e+00	3.135937500000000044e-01	6.211568359375000542e-02
3.674818730635682732e+04	7.105490829197534663e-02	2.950752194751797219e+01	8.300712890625000000e+03	1.165346525400895317e+01	1.391894531250000000e+01	3.605153647844908704e+01	5.469726562500000000e+00	2.293651568700018473e+01	7.824970824618157295e+00	3.135937500000000044e-01	6.211568359375000542e-02
3.674818730635682732e+04	7.105490829197534663e-02	2.950752194751797219e+01	8.300712890625000000e+03	1.165346525400895317e+01	1.391894531250000000e+01	3.819083901380072632e+01	6.155273437500000000e+00	2.293651568700018473e+01	7.824970824618157295e+00	3.135937500000000044e-01	6.211568359375000542e-02
3.674818730635682732e+04	7.105490829197534663e-02	2.950752194751797219e+01	8.300712890625000000e+03	1.165346525400895317e+01	1.391894531250000000e+01	3.819083901380072632e+01	5.469726562500000000e+00	2.909717946079994988e+01	7.824970824618157295e+00	3.135937500000000044e-01	6.211568359375000542e-02
3.674818730635682732e+04	7.105490829197534663e-02	2.950752194751797219e+01	8.300712890625000000e+03	1.165346525400895317e+01	1.391894531250000000e+01	3.819083901380072632e+01	5.469726562500000000e+00	2.293651568700018473e+01	7.762339489453783159e+00	3.135937500000000044e-01	6.211568359375000542e-02
3.674818730635682732e+04	7.105490829197534663e-02	2.950752194751797219e+01	8.300712890625000000e+03	1.165346525400895317e+01	1.391894531250000000e+01	3.819083901380072632e+01	5.469726562500000000e+00	2.293651568700018473e+01	7.824970824618157295e+00	2.520312500000000400e-01	6.211568359375000542e-02
3.674818730635682732e+04	7.105490829197534663e-02	2.950752194751797219e+01	8.300712890625000000e+03	1.165346525400895317e+01	1.391894531250000000e+01	3.819083901380072632e+01	5.469726562500000000e+00	2.293651568700018473e+01	7.824970824618157295e+00	3.135937500000000044e-01	6.580560546875000028e-02
3.674818730635682732e+04	2.473228604904648825e-02	2.222594032787081630e+01	8.261630859375000000e+03	1.345896851955221862e+01	1.310644531250000000e+01	3.605153647844908704e+01	6.155273437500000000e+00	2.909717946079994988e+01	7.762339489453783159e+00	2.520312500000000400e-01	6.580560546875000028e-02
8.747230098595058371e+04	7.105490829197534663e-02	2.222594032787081630e+01	8.261630859375000000e+03	1.345896851955221862e+01	1.310644531250000000e+01	3.605153647844908704e+01	6.155273437500000000e+00	2.909717946079994988e+01	7.762339489453783159e+00	2.520312500000000400e-01	6.580560546875000028e-02
8.747230098595058371e+04	2.473228604904648825e-02	2.950752194751797219e+01	8.261630859375000000e+03	1.345896851955221862e+01	1.310644531250000000e+01	3.605153647844908704e+01	6.155273437500000000e+00	2.909717946079994988e+01	7.762339489453783159e+00	2.520312500000000400e-01	6.580560546875000028e-02
8.747230098595058371e+04	2.473228604904648825e-02	2.222594032787081630e+01	8.300712890625000000e+03	1.345896851955221862e+01	1.310644531250000000e+01	3.605153647844908704e+01	6.155273437500000000e+00	2.909717946079994988e+01	7.762339489453783159e+00	2.520312500000000400e-01	6.580560546875000028e-02
8.747230098595058371e+04	2.473228604904648825e-02	2.222594032787081630e+01	8.261630859375000000e+03	1.165346525400895317e+01	1.310644531250000000e+01	3.605153647844908704e+01	6.155273437500000000e+00	2.909717946079994988e+01	7.762339489453783159e+00	2.520312500000000400e-01	6.580560546875000028e-02
8.747230098595058371e+04	2.473228604904648825e-02	2.222594032787081630e+01	8.261630859375000000e+03	1.345896851955221862e+01	1.391894531250000000e+01	3.605153647844908704e+01	6.155273437500000000e+00	2.909717946079994988e+01	7.762339489453783159e+00	2.520312500000000400e-01	6.580560546875000028e-02
8.747230098595058371e+04	2.473228604904648825e-02	2.222594032787081630e+01	8.261630859375000000e+03	1.345896851955221862e+01	1.310644531250000000e+01	3.819083901380072632e+01	6.155273437500000000e+00	2.909717946079994988e+01	7.762339489453783159e+00	2.520312500000000400e-01	6.580560546875000028e-02
8.747230098595058371e+04	2.473228604904648825e-02	2.222594032787081630e+01	8.261630859375000000e+03	1.345896851955221862e+01	1.310644531250000000e+01	3.605153647844908704e+01	5.469726562500000000e+00	2.909717946079994988e+01	7.762339489453783159e+00	2.520312500000000400e-01	6.580560546875000028e-02
8.747230098595058371e+04	2.473228604904648825e-02	2.222594032787081630e+01	8.261630859375000000e+03	1.345896851955221862e+01	1.310644531250000000e+01	3.605153647844908704e+01	6.155273437500000000e+00	2.293651568700018473e+01	7.762339489453783159e+00	2.520312500000000400e-01	6.580560546875000028e-02
8.747230098595058371e+04	2.473228604904648825e-02	2.222594032787081630e+01	8.261630859375000000e+03	1.345896851955221862e+01	1.310644531250000000e+01	3.605153647844908704e+01	6.155273437500000000e+00	2.909717946079994988e+01	7.824970824618157295e+00	2.520312500000000400e-01	6.580560546875000028e-02
8.747230098595058371e+04	2.473228604904648825e-02	2.222594032787081630e+01	8.261630859375000000e+03	1.345896851955221862e+01	1.310644531250000000e+01	3.605153647844908704e+01	6.155273437500000000e+00	2.909717946079994988e+01	7.762339489453783159e+00	3.135937500000000044e-01	6.580560546875000028e-02
8.747230098595058371e+04	2.473228604904648825e-02	2.222594032787081630e+01	8.261630859375000000e+03	1.345896851955221862e+01	1.310644531250000000e+01	3.605153647844908704e+01	6.155273437500000000e+00	2.909717946079994988e+01	7.762339489453783159e+00	2.520312500000000400e-01	6.211568359375000542e-02
8.747230098595058371e+04	2.473228604904648825e-02	2.222594032787081630e+01	8.261630859375000000e+03	1.345896851955221862e+01	1.310644531250000000e+01	3.605153647844908704e+01	6.155273437500000000e+00	2.909717946079994988e+01	7.762339489453783159e+00	2.520312500000000400e-01	6.580560546875000028e-02
3.010104895596668575e+04	4.202759278155468459e-02	2.300852674552767496e+01	8.236025390625000000e+03	1.377347088681988474e+01	1.026269531250000000e+01	3.975780937249749769e+01	1.025097656250000000e+01	1.901413518083285226e+01	5.784849236483107227e+00	3.185937500000000089e-01	6.009380859375000605e-02
7.929247159016854130e+04	4.202759278155468459e-02	2.300852674552767496e+01	8.236025390625000000e+03	1.377347088681988474e+01	1.026269531250000000e+01	3.975780937249749769e+01	1.025097656250000000e+01	1.901413518083285226e+01	5.784849236483107227e+00	3.185937500000000089e-01	6.009380859375000605e-02
3.010104895596668575e+04	4.407840383517977467e-02	2.300852674552767496e+01	8.236025390625000000e+03	1.377347088681988474e+01	1.026269531250000000e+01	3.975780937249749769e+01	1.025097656250000000e+01	1.901413518083285226e+01	5.784849236483107227e+00	3.185937500000000089e-01	6.009380859375000605e-02
3.010104895596668575e+04	4.202759278155468459e-02	2.839318467830339188e+01	8.236025390625000000e+03	1.377347088681988474e+01	1.026269531250000000e+01	3.975780937249749769e+01	1.025097656250000000e+01	1.901413518083285226e+01	5.784849236483107227e+00	3.185937500000000089e-01	6.009380859375000605e-02
3.010104895596668575e+04	4.202759278155468459e-02	2.300852674552767496e+01	8.369443359375000000e+03	1.377347088681988474e+01	1.026269531250000000e+01	3.975780937249749769e+01	1.025097656250000000e+01	1.901413518083285226e+01	5.784849236483107227e+00	3.185937500000000089e-01	6.009380859375000605e-02
3.010104895596668575e+04	4.202759278155468459e-02	2.300852674552767496e+01	8.236025390625000000e+03	1.379486631735960067e+01	1.026269531250000000e+01	3.975780937249749769e+01	1.025097656250000000e+01	1.901413518083285226e+01	5.784849236483107227e+00	3.185937500000000089e-01	6.009380859375000605e-02
3.010104895596668575e+04	4.202759278155468459e-02	2.300852674552767496e+01	8.236025390625000000e+03	1.377347088681988474e+01	7.825195312500000000e+00	3.975780937249749769e+01	1.025097656250000000e+01	1.901413518083285226e+01	5.784849236483107227e+00	3.185937500000000089e-01	6.009380859375000605e-02
3.010104895596668575e+04	4.202759278155468459e-02	2.300852674552767496e+01	8.236025390625000000e+03	1.377347088681988474e+01	1.026269531250000000e+01	3.878897569401576817e+01	1.025097656250000000e+01	1.901413518083285226e+01	5.784849236483107227e+00	3.185937500000000089e-01	6.009380859375000605e-02
3.010104895596668575e+04	4.202759278155468459e-02	2.300852674552767496e+01	8.236025390625000000e+03	1.377347088681988474e+01	1.026269531250000000e+01	3.975780937249749769e+01	1.093652343750000000e+01	1.901413518083285226e+01	5.784849236483107227e+00	3.185937500000000089e-01	6.009380859375000605e-02
3.010104895596668575e+04	4.202759278155468459e-02	2.300852674552767496e+01	8.236025390625000000e+03	1.377347088681988474e+01	1.026269531250000000e+01	3.975780937249749769e+01	1.025097656250000000e+01	2.018222623493031165e+01	5.784849236483107227e+00	3.185937500000000089e-01	6.009380859375000605e-02
3.010104895596668575e+04	4.202759278155468459e-02	2.300852674552767496e+01	8.236025390625000000e+03	1.377347088681988474e+01	1.026269531250000000e+01	3.975780937249749769e+01	1.025097656250000000e+01	1.901413518083285226e+01	7.452056456503243886e+00	3.185937500000000089e-01	6.009380859375000605e-02
3.010104895596668575e+04	4.202759278155468459e-02	2.300852674552767496e+01	8.236025390625000000e+03	1.377347088681988474e+01	1.026269531250000000e+01	3.975780937249749769e+01	1.025097656250000000e+01	1.901413518083285226e+01	5.784849236483107227e+00	2.570312500000000444e-01	6.009380859375000605e-02
3.010104895596668575e+04	4.202759278155468459e-02	2.300852674552767496e+01	8.236025390625000000e+03	1.377347088681988474e+01	1.026269531250000000e+01	3.975780937249749769e+01	1.025097656250000000e+01	1.901413518083285226e+01	5.784849236483107227e+00	3.185937500000000089e-01	6.863623046875000355e-02
3.010104895596668575e+04	4.407840383517977467e-02	2.839318467830339188e+01	8.369443359375000000e+03	1.379486631735960067e+01	7.825195312500000000e+00	3.878897569401576817e+01	1.093652343750000000e+01	2.018222623493031165e+01	7.452056456503243886e+00	2.570312500000000444e-01	6.863623046875000355e-02
7.929247159016854130e+04	4.202759278155468459e-02	2.839318467830339188e+01	8.369443359375000000e+03	1.379486631735960067e+01	7.825195312500000000e+00	3.878897569401576817e+01	1.093652343750000000e+01	2.018222623493031165e+01	7.452056456503243886e+00	2.570312500000000444e-01	6.863623046875000355e-02
7.929247159016854130e+04	4.407840383517977467e-02	2.300852674552767496e+01	8.369443359375000000e+03	1.379486631735960067e+01	7.825195312500000000e+00	3.878897569401576817e+01	1.093652343750000000e+01	2.018222623493031165e+01	7.452056456503243886e+00	2.570312500000000444e-01	6.863623046875000355e-02
7.929247159016854130e+04	4.407840383517977467e-02	2.839318467830339188e+01	8.236025390625000000e+03	1.379486631735960067e+01	7.825195312500000000e+00	3.878897569401576817e+01	1.093652343750000000e+01	2.018222623493031165e+01	7.452056456503243886e+00	2.570312500000000444e-01	6.863623046875000355e-02
7.929247159016854130e+04	4.407840383517977467e-02	2.839318467830339188e+01	8.369443359375000000e+03	1.377347088681988474e+01	7.825195312500000000e+00	3.878897569401576817e+01	1.093652343750000000e+01	2.018222623493031165e+01	7.452056456503243886e+00	2.570312500000000444e-01	6.863623046875000355e-02
7.929247159016854130e+04	4.407840383517977467e-02	2.839318467830339188e+01	8.369443359375000000e+03	1.379486631735960067e+01	1.026269531250000000e+01	3.878897569401576817e+01	1.093652343750000000e+01	2.018222623493031165e+01	7.452056456503243886e+00	2.570312500000000444e-01	6.863623046875000355e-02
7.929247159016854130e+04	4.407840383517977467e-02	2.839318467830339188e+01	8.369443359375000000e+03	1.379486631735960067e+01	7.825195312500000000e+00	3.975780937249749769e+01	1.093652343750000000e+01	2.018222623493031165e+01	7.452056456503243886e+00	2.570312500000000444e-01	6.863623046875000355e-02
7.929247159016854130e+04	4.407840383517977467e-02	2.839318467830339188e+01	8.369443359375000000e+03	1.379486631735960067e+01	7.825195312500000000e+00	3.878897569401576817e+01	1.025097656250000000e+01	2.018222623493031165e+01	7.452056456503243886e+00	2.570312500000000444e-01	6.863623046875000355e-02
7.929247159016854130e+04	4.407840383517977467e-02	2.839318467830339188e+01	8.369443359375000000e+03	1.379486631735960067e+01	7.825195312500000000e+00	3.878897569401576817e+01	1.093652343750000000e+01	1.901413518083285226e+01	7.452056456503243886e+00	2.570312500000000444e-01	6.863623046875000355e-02
7.929247159016854130e+04	4.407840383517977467e-02	2.839318467830339188e+01	8.369443359375000000e+03	1.379486631735960067e+01	7.825195312500000000e+00	3.878897569401576817e+01	1.093652343750000000e+01	2.018222623493031165e+01	5.784849236483107227e+00	2.570312500000000444e-01	6.863623046875000355e-02
7.929247159016854130e+04	4.407840383517977467e-02	2.839318467830339188e+01	8.369443359375000000e+03	1.379486631735960067e+01	7.825195312500000000e+00	3.878897569401576817e+01	1.093652343750000000e+01	2.018222623493031165e+01	7.452056456503243886e+00	3.185937500000000089e-01	6.863623046875000355e-02
7.929247159016854130e+04	4.407840383517977467e-02	2.839318467830339188e+01	8.369443359375000000e+03	1.379486631735960067e+01	7.825195312500000000e+00	3.878897569401576817e+01	1.093652343750000000e+01	2.018222623493031165e+01	7.452056456503243886e+00	2.570312500000000444e-01	6.009380859375000605e-02
7.929247159016854130e+04	4.407840383517977467e-02	2.839318467830339188e+01	8.369443359375000000e+03	1.379486631735960067e+01	7.825195312500000000e+00	3.878897569401576817e+01	1.093652343750000000e+01	2.018222623493031165e+01	7.452056456503243886e+00	2.570312500000000444e-01	6.863623046875000355e-02
8.995411645792047784e+04	6.887202115502691346e-02	2.767339341620887794e+01	8.581025390625000000e+03	9.362425594066403178e+00	1.676269531250000000e+01	3.672419837229688255e+01	5.750976562500000000e+00	3.131297892017273554e+01	7.724442879925503824e+00	2.385937500000000488e-01	6.656380859374999570e-02
1.411843735779480485e+05	6.887202115502691346e-02	2.767339341620887794e+01	8.581025390625000000e+03	9.362425594066403178e+00	1.676269531250000000e+01	3.672419837229688255e+01	5.750976562500000000e+00	3.131297892017273554e+01	7.724442879925503824e+00	2.385937500000000488e-01	6.656380859374999570e-02
8.995411645792047784e+04	7.147761957210192751e-02	2.767339341620887794e+01	8.581025390625000000e+03	9.362425594066403178e+00	1.676269531250000000e+01	3.672419837229688255e+01	5.750976562500000000e+00	3.131297892017273554e+01	7.724442879925503824e+00	2.385937500000000488e-01	6.656380859374999570e-02
8.995411645792047784e+04	6.887202115502691346e-02	2.476286854507302593e+01	8.581025390625000000e+03	9.362425594066403178e+00	1.676269531250000000e+01	3.672419837229688255e+01	5.750976562500000000e+00	3.131297892017273554e+01	7.724442879925503824e+00	2.385937500000000488e-01	6.656380859374999570e-02
8.995411645792047784e+04	6.887202115502691346e-02	2.767339341620887794e+01	8.024443359375000000e+03	9.362425594066403178e+00	1.676269531250000000e+01	3.672419837229688255e+01	5.750976562500000000e+00	3.131297892017273554e+01	7.724442879925503824e+00	2.385937500000000488e-01	6.656380859374999570e-02
8.995411645792047784e+04	6.887202115502691346e-02	2.767339341620887794e+01	8.581025390625000000e+03	9.380954706100055773e+00	1.676269531250000000e+01	3.672419837229688255e+01	5.750976562500000000e+00	3.131297892017273554e+01	7.724442879925503824e+00	2.385937500000000488e-01	6.656380859374999570e-02
8.995411645792047784e+04	6.887202115502691346e-02	2.767339341620887794e+01	8.581025390625000000e+03	9.362425594066403178e+00	1.432519531250000000e+01	3.672419837229688255e+01	5.750976562500000000e+00	3.131297892017273554e+01	7.724442879925503824e+00	2.385937500000000488e-01	6.656380859374999570e-02
8.995411645792047784e+04	6.887202115502691346e-02	2.767339341620887794e+01	8.581025390625000000e+03	9.362425594066403178e+00	1.676269531250000000e+01	3.521977909015314623e+01	5.750976562500000000e+00	3.131297892017273554e+01	7.724442879925503824e+00	2.385937500000000488e-01	6.656380859374999570e-02
8.995411645792047784e+04	6.887202115502691346e-02	2.767339341620887794e+01	8.581025390625000000e+03	9.362425594066403178e+00	1.676269531250000000e+01	3.672419837229688255e+01	6.436523437500000000e+00	3.131297892017273554e+01	7.724442879925503824e+00	2.385937500000000488e-01	6.656380859374999570e-02
8.995411645792047784e+04	6.887202115502691346e-02	2.767339341620887794e+01	8.581025390625000000e+03	9.362425594066403178e+00	1.676269531250000000e+01	3.672419837229688255e+01	5.750976562500000000e+00	3.163897438996767164e+01	7.724442879925503824e+00	2.385937500000000488e-01	6.656380859374999570e-02
8.995411645792047784e+04	6.887202115502691346e-02	2.767339341620887794e+01	8.581025390625000000e+03	9.362425594066403178e+00	1.676269531250000000e+01	3.672419837229688255e+01	5.750976562500000000e+00	3.131297892017273554e+01	5.367315823907381045e+00	2.385937500000000488e-01	6.656380859374999570e-02
8.995411645792047784e+04	6.887202115502691346e-02	2.767339341620887794e+01	8.581025390625000000e+03	9.362425594066403178e+00	1.676269531250000000e+01	3.672419837229688255e+01	5.750976562500000000e+00	3.131297892017273554e+01	7.724442879925503824e+00	3.370312500000000044e-01	6.656380859374999570e-02
8.995411645792047784e+04	6.887202115502691346e-02	2.767339341620887794e+01	8.581025390625000000e+03	9.362425594066403178e+00	1.676269531250000000e+01	3.672419837229688255e+01	5.750976562500000000e+00	3.131297892017273554e+01	7.724442879925503824e+00	2.385937500000000488e-01	6.216623046875000697e-02
8.995411645792047784e+04	7.147761957210192751e-02	2.476286854507302593e+01	8.024443359375000000e+03	9.380954706100055773e+00	1.432519531250000000e+01	3.521977909015314623e+01	6.436523437500000000e+00	3.163897438996767164e+01	5.367315823907381045e+00	3.370312500000000044e-01	6.216623046875000697e-02
1.411843735779480485e+05	6.887202115502691346e-02	2.476286854507302593e+01	8.024443359375000000e+03	9.380954706100055773e+00	1.432519531250000000e+01	3.521977909015314623e+01	6.436523437500000000e+00	3.163897438996767164e+01	5.367315823907381045e+00	3.370312500000000044e-01	6.216623046875000697e-02
1.411843735779480485e+05	7.147761957210192751e-02	2.767339341620887794e+01	8.024443359375000000e+03	9.380954706100055773e+00	1.432519531250000000e+01	3.521977909015314623e+01	6.436523437500000000e+00	3.163897438996767164e+01	5.367315823907381045e+00	3.370312500000000044e-01	6.216623046875000697e-02
1.411843735779480485e+05	7.147761957210192751e-02	2.476286854507302593e+01	8.581025390625000000e+03	9.380954706100055773e+00	1.432519531250000000e+01	3.521977909015314623e+01	6.436523437500000000e+00	3.163897438996767164e+01	5.367315823907381045e+00	3.370312500000000044e-01	6.216623046875000697e-02
1.411843735779480485e+05	7.147761957210192751e-02	2.476286854507302593e+01	8.024443359375000000e+03	9.362425594066403178e+00	1.432519531250000000e+01	3.521977909015314623e+01	6.436523437500000000e+00	3.163897438996767164e+01	5.367315823907381045e+00	3.370312500000000044e-01	6.216623046875000697e-02
1.411843735779480485e+05	7.147761957210192751e-02	2.476286854507302593e+01	8.024443359375000000e+03	9.380954706100055773e+00	1.676269531250000000e+01	3.521977909015314623e+01	6.436523437500000000e+00	3.163897438996767164e+01	5.367315823907381045e+00	3.370312500000000044e-01	6.216623046875000697e-02
1.411843735779480485e+05	7.147761957210192751e-02	2.476286854507302593e+01	8.024443359375000000e+03	9.380954706100055773e+00	1.432519531250000000e+01	3.672419837229688255e+01	6.436523437500000000e+00	3.163897438996767164e+01	5.367315823907381045e+00	3.370312500000000044e-01	6.216623046875000697e-02
1.411843735779480485e+05	7.147761957210192751e-02	2.476286854507302593e+01	8.024443359375000000e+03	9.380954706100055773e+00	1.432519531250000000e+01	3.521977909015314623e+01	5.750976562500000000e+00	3.163897438996767164e+01	5.367315823907381045e+00	3.370312500000000044e-01	6.216623046875000697e-02
1.411843735779480485e+05	7.147761957210192751e-02	2.476286854507302593e+01	8.024443359375000000e+03	9.380954706100055773e+00	1.432519531250000000e+01	3.521977909015314623e+01	6.436523437500000000e+00	3.131297892017273554e+01	5.367315823907381045e+00	3.370312500000000044e-01	6.216623046875000697e-02
1.411843735779480485e+05	7.147761957210192751e-02	2.476286854507302593e+01	8.024443359375000000e+03	9.380954706100055773e+00	1.432519531250000000e+01	3.521977909015314623e+01	6.436523437500000000e+00	3.163897438996767164e+01	7.724442879925503824e+00	3.370312500000000044e-01	6.216623046875000697e-02
1.411843735779480485e+05	7.147761957210192751e-02	2.476286854507302593e+01	8.024443359375000000e+03	9.380954706100055773e+00	1.432519531250000000e+01	3.521977909015314623e+01	6.436523437500000000e+00	3.163897438996767164e+01	5.367315823907381045e+00	2.385937500000000488e-01	6.216623046875000697e-02
1.411843735779480485e+05	7.147761957210192751e-02	2.476286854507302593e+01	8.024443359375000000e+03	9.380954706100055773e+00	1.432519531250000000e+01	3.521977909015314623e+01	6.436523437500000000e+00	3.163897438996767164e+01	5.367315823907381045e+00	3.370312500000000044e-01	6.656380859374999570e-02
1.411843735779480485e+05	7.147761957210192751e-02	2.476286854507302593e+01	8.024443359375000000e+03	9.380954706100055773e+00	1.432519531250000000e+01	3.521977909015314623e+01	6.436523437500000000e+00	3.163897438996767164e+01	5.367315823907381045e+00	3.370312500000000044e-01	6.216623046875000697e-02
